cgpa,package
7.19,6.13
9.78,8.92
8.79,8.06
8.19,7.01
6.2,6.51
6.2,5.82
5.76,4.59
9.4,8.79
8.21,6.9
8.69,8.21
5.59,5.61
9.86,8.46
9.25,8.81
6.46,6.02
6.32,6.1
6.33,6.65
6.87,6.06
7.86,6.7
7.44,6.25
6.81,5.72
8.25,7.39
6.13,5.69
6.81,6.27
7.15,6.85
7.55,6.8
9.03,8.85
6.4,5.63
7.81,8.39
8.17,7.67
5.71,4.71
8.23,6.87
6.27,5.88
5.79,5.1
9.77,9.15
9.85,9.1
9.14,8.19
6.87,5.76
5.94,4.59
8.58,7.5
7.48,7.16
6.05,5.55
7.73,6.33
5.65,5.17
9.59,8.82
6.66,5.55
8.48,7.71
6.9,6.24
7.84,6.48
7.96,7.34
6.33,5.98
9.86,9.42
8.99,8.62
9.73,8.07
9.53,8.11
8.19,7.63
9.65,8.94
5.9,5.57
6.38,7.67
5.7,5.42
6.96,6.83
7.25,7
6.72,6.37
9.23,8.15
7.11,6.78
6.76,5.7
7.94,7.03
6.13,5.27
9.11,8.24
5.84,6.41
9.94,8.01
8.98,8.43
6.39,4.94
5.52,4.73
9.17,8.8
8.68,7.84
8.78,7.36
8.97,7.72
5.83,5.59
7.11,6.03
6.02,5.53
9.38,8.46
8.3,7.14
6.99,7.36
5.79,5.53
6.9,5.2
6.96,6.36
8.78,7.57
8.37,7.96
9.49,8.14
7.62,6.8
6.04,5.69
8.71,8.27
8.92,7.43
8.03,7.06
8.97,7.84
7.72,6.62
7.85,7.95
7.42,6.88
5.61,4.42
5.99,5.85
5.64,6.14
8.36,8.04
6.91,5.46
7.79,6.77
9.58,9.26
6.62,5.6
7.35,6.84
8.9,8.4
6.53,5.41
5.85,5.24
6.8,4.5
6.23,5.09
9.68,8.59
9.14,7.6
8.35,8.33
9.42,7.76
9.12,7.99
6.34,5.77
9.52,9.29
7.93,6.42
9.13,8.8
9.53,8.58
6.93,5.75
6,5.63
6.53,5.98
7.42,6.38
9.18,8.3
9.37,8.24
5.53,5.03
7.8,7.35
7.38,7.44
6.5,5.23
6.04,6.5
7.02,5.34
9.74,8.69
6.95,6.55
7.83,7.19
8.66,7.48
7.14,6.32
9.87,8.64
9.83,8.55
6.63,6.39
7.74,7.14
6.85,5.82
6.78,6.55
5.67,5.26
8.24,7.82
7.76,7.3
5.73,4.74
6.75,5.79
9.59,9
6.58,6.23
6.15,5.52
7.7,6.99
9.94,9.58
6.59,5.64
8.52,7.94
8.93,7.94
6.57,5.8
8.78,8.45
7.16,6.86
8.35,7.92
8.35,8.17
7.91,7.13
5.91,5.66
9.26,8.18
6.94,6.41
6.34,5.64
5.68,5.16
8.16,7.64
8.55,7.29
5.57,6.06
7.8,6.52
6.52,5.26
8.4,8.14
6.28,6.05
8.61,8.06
7.24,6.83
9.72,8.74
6.12,5.06
7.03,6.36
6.01,5.07
9.66,9.18
9.45,8.43
6.66,5.58
8.47,7.46
9.18,8.47
8,6.92
7.88,6.68
6.59,6.05
5.92,5.45
9.54,8.33
9.55,8.36
8.35,7.63
7.03,5.6
7.07,5.66
8.77,7.53
9.54,8.48
9.49,8.7
9.01,8.85
